<?xml version="1.0" encoding="UTF-8"?> 
<class>
	<client>
		<firstname>Sam</firstname>
		<lastname>Anderson</lastname>
		<idnum>1234567898</idnum>
		<contact>0835745453</contact>
		<assets>20000000</assets>
		<premium>25000</premium>
	</client>
	<client>
		<firstname>Jen</firstname>
		<lastname>Marcus</lastname>
		<idnum>3216549878</idnum>
		<contact>0896838453</contact>
		<assets>38000000</assets>
		<premium>59000</premium>
	</client>
	<client>
		<firstname>Sara</firstname>
		<lastname>Jamil</lastname>
		<idnum>9874563215</idnum>
		<contact>0835688453</contact>
		<assets>12000000</assets>
		<premium>31000</premium>
	</client>
\</class>